StateAb,DivisionID,DivisionNm,CandidateID,Surname,GivenNm,BallotPosition,Elected,HistoricElected,PartyAb,PartyNm,OrdinaryVotes,AbsentVotes,ProvisionalVotes,PrePollVotes,PostalVotes,TotalVotes,Swing
ACT,101,Canberra,28189,BRODTMANN,Gai,1,Y,Y,ALP,Australian Labor Party,66835,882,268,3913,3349,75247,0.95
ACT,101,Canberra,28989,ADELAN-LANGFORD,Jessica,4,N,N,LP,Liberal,47095,427,183,2749,3019,53473,-0.95
ACT,102,Fenner,28190,LEIGH,Andrew Keith,1,Y,Y,ALP,Australian Labor Party,70531,1156,330,3665,3560,79242,1.4
ACT,102,Fenner,28983,GUNNING,Robert,3,N,N,LP,Liberal,39562,625,185,1919,2489,44780,-1.4
NSW,103,Banks,28951,GAMBIAN,Chris,1,N,N,ALP,Labor,36655,2105,242,1663,2957,43622,1.36
NSW,103,Banks,28660,COLEMAN,David,4,Y,Y,LP,Liberal,38743,1687,181,1605,3994,46210,-1.36
NSW,104,Barton,28636,VARVARIS,Nickolas,2,N,Y,LP,Liberal,30513,1957,170,1340,2591,36571,-3.91
NSW,104,Barton,28964,BURNEY,Linda,3,Y,N,ALP,Labor,42767,3263,293,1736,3072,51131,3.91
NSW,105,Bennelong,28886,HOWISON,Lyndal,1,N,N,ALP,Labor,30334,1903,144,1732,3041,37154,-1.95
NSW,105,Bennelong,28568,ALEXANDER,John,6,Y,Y,LP,Liberal,45160,2172,157,2144,5444,55077,1.95
NSW,106,Berowra,28564,LEESER,Julian,1,Y,N,LP,Liberal,52061,2734,147,1899,5629,62470,-2.6
NSW,106,Berowra,28927,ANDREWS,Josh,2,N,N,ALP,Labor,26211,1656,93,1232,2355,31547,2.6
NSW,107,Blaxland,28931,CLARE,Jason,1,Y,Y,ALP,Labor,47872,2933,406,1454,2842,55507,8.24
NSW,107,Blaxland,28704,FINDLAY,Felicity,4,N,N,LP,Liberal,20017,1486,105,909,1861,24378,-8.24
NSW,108,Bradfield,28565,FLETCHER,Paul,3,Y,Y,LP,Liberal,54241,2703,209,2349,7011,66513,0.1
NSW,108,Bradfield,28881,GOMPERTZ,Katie,6,N,N,ALP,Labor,22017,1540,85,1151,2328,27121,-0.1
NSW,109,Calare,29294,GEE,Andrew,2,Y,N,NP,The Nationals,56072,1531,134,1842,2399,61978,-3.16
NSW,109,Calare,28915,JENNINGS,Jess,7,N,N,ALP,Labor,34321,1299,116,1169,1395,38300,3.16
NSW,111,Chifley,28684,KUMAR,Mohit,2,N,N,LP,Liberal,22427,1536,142,812,1450,26367,-8.26
NSW,111,Chifley,28890,HUSIC,Ed,5,Y,Y,ALP,Labor,51943,2866,386,1459,2548,59202,8.26
NSW,112,Cook,28570,MORRISON,Scott,2,Y,Y,LP,Liberal,51156,2376,215,1337,4676,59760,-0.32
NSW,112,Cook,28925,ATKINS,David,5,N,N,ALP,Labor,26859,1778,136,815,2037,31625,0.32
NSW,113,Cowper,29558,OAKESHOTT,Robert James Murray,5,N,N,IND,Independent,41710,1516,117,1490,2184,47017,45.44
NSW,113,Cowper,29276,HARTSUYKER,Luke,6,Y,Y,NP,The Nationals,50457,1500,141,1521,2824,56443,54.56
NSW,114,Cunningham,28669,BLICAVS,Michelle,3,N,N,LP,Liberal,30745,1338,93,1224,2147,35547,-2.03
NSW,114,Cunningham,28948,BIRD,Sharon,5,Y,Y,ALP,Labor,53302,2582,215,1916,3362,61377,2.03
NSW,115,Dobell,28978,McBRIDE,Emma,3,Y,N,ALP,Labor,46436,2286,242,1151,2876,52991,4.63
NSW,115,Dobell,28613,McNAMARA,Karen,4,N,Y,LP,Liberal,37597,1677,172,1040,3197,43683,-4.63
NSW,117,Eden-Monaro,28689,HENDY,Peter,5,N,Y,LP,Liberal,37504,913,81,2204,3764,44466,-5.84
NSW,117,Eden-Monaro,28993,KELLY,Mike,9,Y,N,ALP,Labor,43378,998,117,2390,3120,50003,5.84
NSW,118,Farrer,28699,LEY,Sussan,5,Y,Y,LP,Liberal,58733,943,125,3003,5310,68114,-1.18
NSW,118,Farrer,28938,KUNDE,Christian,6,N,N,ALP,Labor,24834,556,91,1317,1667,28465,1.18
NSW,119,Fowler,28658,FARHAN,Adam,2,N,N,LP,Liberal,23354,1385,202,810,1810,27561,-4.6
NSW,119,Fowler,28945,HAYES,Chris,3,Y,Y,ALP,Labor,50314,2387,427,1311,2770,57209,4.6
NSW,120,Gilmore,28668,SUDMALIS,Ann,2,Y,Y,LP,Liberal,45262,1423,87,2033,3531,52336,-3.05
NSW,120,Gilmore,28914,PHILLIPS,Fiona,4,N,N,ALP,Labor,44731,1616,123,1737,2626,50833,3.05
NSW,121,Grayndler,28696,CASEY,Jim,4,N,N,GRN,The Greens,23948,2412,148,1443,2099,30050,34.18
NSW,121,Grayndler,29343,ALBANESE,Anthony,9,Y,Y,ALP,Labor,48557,3362,226,1965,3762,57872,65.82
NSW,122,Greenway,28643,KEANE,Yvonne,6,N,N,LP,Liberal,33393,1832,158,968,2569,38920,-3.33
NSW,122,Greenway,28911,ROWLAND,Michelle,8,Y,Y,ALP,Labor,43694,2375,268,1215,2611,50163,3.33
NSW,124,Hughes,28569,KELLY,Craig,4,Y,Y,LP,Liberal,47810,2502,167,1420,3734,55633,-2.48
NSW,124,Hughes,28899,STEINWALL,Diedree,5,N,N,ALP,Labor,32610,2088,128,1054,2263,38143,2.48
NSW,125,Hume,28895,CHAMPION-FASHOYIN,Aoife,1,N,N,ALP,Labor,32383,2042,151,1275,1950,37801,3.4
NSW,125,Hume,28777,TAYLOR,Angus,3,Y,Y,LP,Liberal,49097,2354,194,1802,3680,57127,-3.4
NSW,126,Hunter,29211,ROGERS,Ruth,1,N,N,NP,The Nationals,31572,1397,113,1084,2045,36211,-6.78
NSW,126,Hunter,28884,FITZGIBBON,Joel,3,Y,Y,ALP,Labor,53517,2588,254,1383,2513,60255,6.78
NSW,127,Kingsford Smith,29083,THISTLETHWAITE,Matt,1,Y,Y,ALP,Labor,46761,2311,221,1552,3117,53962,5.83
NSW,127,Kingsford Smith,28778,FENELEY,Michael,4,N,N,LP,Liberal,32477,1629,130,1174,2762,38172,-5.83
NSW,128,Lindsay,28691,SCOTT,Fiona,3,N,Y,LP,Liberal,37726,1616,205,1103,2993,43643,-4.1
NSW,128,Lindsay,28902,HUSAR,Emma,5,Y,N,ALP,Labor,39943,1815,256,1017,2602,45633,4.1
NSW,130,Lyne,28904,ALLEY,Peter,1,N,N,ALP,Labor,33105,1901,143,1129,1960,38238,1.89
NSW,130,Lyne,29209,GILLESPIE,David,5,Y,Y,NP,The Nationals,53893,2030,171,1680,3642,61416,-1.89
NSW,131,Macarthur,28706,MATHESON,Russell,3,N,Y,LP,Liberal,32481,1825,154,806,2198,37464,-11.72
NSW,131,Macarthur,29070,FREELANDER,Mike,4,Y,N,ALP,Labor,46400,2488,317,940,2303,52448,11.72
NSW,132,Mackellar,28688,FALINSKI,Jason,5,Y,N,LP,Liberal,52353,2636,197,1697,4917,61800,-3.1
NSW,132,Mackellar,28975,FUNNELL,Rhonda,6,N,N,ALP,Labor,27185,1763,129,1038,2097,32212,3.1
NSW,133,Macquarie,28905,TEMPLEMAN,Susan,3,Y,N,ALP,Labor,41818,1900,187,1182,2646,47733,6.67
NSW,133,Macquarie,28682,MARKUS,Louise,4,N,Y,LP,Liberal,37707,1640,121,1026,3225,43719,-6.67
NSW,315,McMahon,28923,BOWEN,Chris,3,Y,Y,ALP,Labor,45384,3503,366,1557,2632,53442,7.48
NSW,315,McMahon,28710,BILIC,George,6,N,N,LP,Liberal,27501,1878,166,939,2112,32596,-7.48
NSW,134,Mitchell,29030,PUNCH,Andrew,1,N,N,ALP,Labor,24500,1675,104,901,2171,29351,3.57
NSW,134,Mitchell,28776,HAWKE,Alex,3,Y,Y,LP,Liberal,52031,2796,182,1536,5302,61847,-3.57
NSW,135,New England,29484,WINDSOR,Tony,7,N,N,IND,Independent,34991,1171,115,1128,2004,39409,41.48
NSW,135,New England,29334,JOYCE,Barnaby,8,Y,Y,NP,The Nationals,48901,1309,103,1378,3904,55595,58.52
NSW,136,Newcastle,28888,CLAYDON,Sharon,1,Y,Y,ALP,Labor,55237,2626,255,1464,3766,63348,4.44
NSW,136,Newcastle,28645,COMPTON,David,2,N,N,LP,Liberal,31037,1456,102,966,2326,35887,-4.44
NSW,137,North Sydney,28567,ZIMMERMAN,Trent,4,Y,Y,LP,Liberal,47295,2500,206,2050,6774,58825,-2.1
NSW,137,North Sydney,28882,HAYES,Peter,6,N,N,ALP,Labor,27292,1649,138,1400,3173,33652,2.1
NSW,138,Page,29177,HOGAN,Kevin,1,Y,Y,NP,The Nationals,49142,1121,106,1472,2876,54717,-0.8
NSW,138,Page,28968,SAFFIN,Janelle,6,N,N,ALP,Labor,44805,1367,147,1380,2196,49895,0.8
NSW,139,Parkes,28883,STEWART,Kate,1,N,N,ALP,Labor,29105,1126,113,990,1312,32646,4.87
NSW,139,Parkes,29204,COULTON,Mark,5,Y,Y,NP,The Nationals,52557,1984,166,1789,4405,60901,-4.87
NSW,140,Parramatta,28974,OWENS,Julie,3,Y,Y,ALP,Labor,38685,3386,333,1755,3141,47300,6.35
NSW,140,Parramatta,28770,BECKWITH,Michael,8,N,N,LP,Liberal,28311,2104,184,1340,2783,34722,-6.35
NSW,249,Paterson,28887,SWANSON,Meryl,4,Y,N,ALP,Labor,53817,2173,278,1265,3246,60779,10.47
NSW,249,Paterson,28780,HOWARD,Karen,6,N,N,LP,Liberal,33806,1397,111,1177,2798,39289,-10.47
NSW,144,Reid,28670,LAUNDY,Craig,2,Y,Y,LP,Liberal,40648,2371,160,1833,4531,49543,1.36
NSW,144,Reid,28907,TSIREKAS,Angelo,3,N,N,ALP,Labor,33937,2205,194,1492,3226,41054,-1.36
NSW,145,Richmond,28987,ELLIOT,Justine,4,Y,Y,ALP,Labor,46951,1196,144,2146,2655,53092,2.38
NSW,145,Richmond,29295,FRASER,Matthew,6,N,N,NP,The Nationals,39849,796,87,1598,2976,45306,-2.38
NSW,250,Riverina,29304,McCORMACK,Michael,1,Y,Y,NP,The Nationals,58505,1713,145,2069,3287,65719,-2.55
NSW,250,Riverina,28995,KURYLOWICZ,Tim,4,N,N,ALP,Labor,29803,1031,86,1038,1243,33201,2.55
NSW,146,Robertson,28686,WICKS,Lucy,3,Y,Y,LP,Liberal,41296,1981,121,1444,3886,48728,-1.95
NSW,146,Robertson,29043,CHARLTON,Anne,7,N,N,ALP,Labor,40235,2195,139,1264,2716,46549,1.95
NSW,148,Shortland,28976,CONROY,Pat,1,Y,Y,ALP,Labor,51133,2714,253,1229,3432,58761,2.54
NSW,148,Shortland,28759,BARRIE,Jenny,2,N,N,LP,Liberal,34099,1551,103,984,2540,39277,-2.54
NSW,149,Sydney,28578,WINTERS,Geoffrey,4,N,N,LP,Liberal,23060,2638,169,1988,2635,30490,-2.44
NSW,149,Sydney,29079,PLIBERSEK,Tanya,8,Y,Y,ALP,Labor,44732,4297,413,3423,4545,57410,2.44
NSW,151,Warringah,28624,ABBOTT,Tony,5,Y,Y,LP,Liberal,44233,2626,118,1435,4934,53346,61.55
NSW,151,Warringah,28617,WILLIAMS ROLDAN,Clara,8,N,N,GRN,The Greens,27545,1888,85,1199,2603,33320,38.45
NSW,251,Watson,28947,BURKE,Tony,3,Y,Y,ALP,Labor,47807,3239,463,1846,2892,56247,8.76
NSW,251,Watson,28743,ZAMAN,Mohammad Shahe,6,N,N,LP,Liberal,22340,1580,174,1060,1835,26989,-8.76
NSW,152,Wentworth,28638,TURNBULL,Malcolm,6,Y,Y,LP,Liberal,44511,2714,213,2334,7199,56971,-1.17
NSW,152,Wentworth,28917,HUGHES,Evan,7,N,N,ALP,Labor,21655,1779,117,1377,2193,27121,1.17
NSW,153,Werriwa,28711,MANNOUN,Ned,1,N,N,LP,Liberal,32517,1749,177,820,2093,37356,-1.67
NSW,153,Werriwa,29065,STANLEY,Anne,4,Y,N,ALP,Labor,45632,2548,260,1031,2534,52005,1.67
NSW,150,Whitlam,28970,JONES,Stephen,4,Y,Y,ALP,Labor,56545,2194,251,1050,2690,62730,6.81
NSW,150,Whitlam,28717,HEWITT,Marcus,6,N,N,LP,Liberal,31767,1201,89,878,1776,35711,-6.81
NT,306,Lingiari,28735,SNOWDON,Warren,2,Y,Y,ALP,Australian Labor Party (Northern Territory) Branch,23023,437,141,833,614,25048,7.54
NT,306,Lingiari,28827,MacFARLANE,Tina,9,N,N,CLP,Country Liberals (NT),15952,255,54,717,849,17827,-7.54
NT,307,Solomon,28830,GRIGGS,Natasha,3,N,Y,CLP,Country Liberals (NT),20084,404,83,1557,1891,24019,-7.4
NT,307,Solomon,28737,GOSLING,Luke,9,Y,N,ALP,Australian Labor Party (Northern Territory) Branch,26829,474,127,1494,1642,30566,7.4
QLD,304,Blair,28916,NEUMANN,Shayne,3,Y,Y,ALP,Australian Labor Party,40881,2186,191,1334,5566,50158,3.62
QLD,304,Blair,28033,HARDING,Teresa,7,N,N,LNP,Liberal National Party of Queensland,27903,1374,88,1079,4585,35029,-3.62
QLD,310,Bonner,29093,FRASER HARDY,Laura,4,N,N,ALP,Australian Labor Party,32731,2487,158,1007,5524,41907,0.3
QLD,310,Bonner,28058,VASTA,Ross,5,Y,Y,LNP,Liberal National Party of Queensland,36354,2159,101,1240,8148,48002,-0.3
QLD,155,Bowman,28973,RICHARDS,Kim,2,N,N,ALP,Australian Labor Party,33680,1252,72,1111,3520,39635,1.79
QLD,155,Bowman,28051,LAMING,Andrew,3,Y,Y,LNP,Liberal National Party of Queensland,44738,1366,73,1515,4998,52690,-1.79
QLD,156,Brisbane,28064,EVANS,Trevor,1,Y,N,LNP,Liberal National Party of Queensland,39224,3595,185,2326,7363,52693,1.64
QLD,156,Brisbane,29090,O'NEILL,Pat,2,N,N,ALP,Australian Labor Party,31625,3280,189,1866,4572,41532,-1.64
QLD,157,Capricornia,28034,LANDRY,Michelle,4,Y,Y,LNP,Liberal National Party of Queensland,36244,1635,61,1095,5598,44633,-0.14
QLD,157,Capricornia,29035,NEATON,Leisa,6,N,N,ALP,Australian Labor Party,37111,1568,64,915,3864,43522,0.14
QLD,158,Dawson,28037,CHRISTENSEN,George,2,Y,Y,LNP,Liberal National Party of Queensland,40466,1710,84,1768,4139,48167,-4.24
QLD,158,Dawson,28972,GILBERT,Frank,6,N,N,ALP,Australian Labor Party,36138,1730,82,1383,2800,42133,4.24
QLD,252,Dickson,29126,LAVARCH,Linda,3,N,N,ALP,Australian Labor Party,35012,2333,119,1710,4837,44011,5.12
QLD,252,Dickson,28139,DUTTON,Peter,6,Y,Y,LNP,Liberal National Party of Queensland,36305,1931,82,1986,6618,46922,-5.12
QLD,159,Fadden,28066,ROBERT,Stuart,3,Y,Y,LNP,Liberal National Party of Queensland,44711,2315,162,1731,5659,54578,-3.31
QLD,159,Fadden,28956,SCANLON,Meaghan,6,N,N,ALP,Australian Labor Party,28490,2037,154,1100,3045,34826,3.31
QLD,160,Fairfax,29021,ANDERSON,Scott,4,N,N,ALP,Australian Labor Party,29990,1854,88,1437,2795,36164,0.79
QLD,160,Fairfax,28035,O'BRIEN,Ted,5,Y,N,LNP,Liberal National Party of Queensland,46826,2163,91,1903,5316,56299,-0.79
QLD,161,Fisher,29017,GISSANE,Bill,3,N,N,ALP,Australian Labor Party,27975,1825,83,1436,2973,34292,0.69
QLD,161,Fisher,28045,WALLACE,Andrew,6,Y,N,LNP,Liberal National Party of Queensland,40319,1921,71,2044,5118,49473,-0.69
QLD,311,Flynn,28955,BEERS,Zac,4,N,N,ALP,Australian Labor Party,34416,2023,106,1825,4296,42666,5.49
QLD,311,Flynn,28049,O'DOWD,Ken,8,Y,Y,LNP,Liberal National Party of Queensland,32487,1919,73,2059,7942,44480,-5.49
QLD,162,Forde,28039,van MANEN,Bert,2,Y,Y,LNP,Liberal National Party of Queensland,32820,1834,132,1444,6256,42486,-3.75
QLD,162,Forde,28958,HARDMAN,Des,3,N,N,ALP,Australian Labor Party,32889,2272,134,1161,4968,41424,3.75
QLD,163,Griffith,28041,WARD,Fiona,5,N,N,LNP,Liberal National Party of Queensland,33854,2421,123,1627,6494,44519,1.5
QLD,163,Griffith,28921,BUTLER,Terri,6,Y,Y,ALP,Australian Labor Party,36932,3002,200,1804,5526,47464,-1.5
QLD,164,Groom,29024,HERBERTSON,Bronwyn,2,N,N,ALP,Australian Labor Party,26128,1230,76,674,3550,31658,1.16
QLD,164,Groom,28084,McVEIGH,John,4,Y,N,LNP,Liberal National Party of Queensland,46882,2007,71,1295,9334,59589,-1.16
QLD,165,Herbert,28997,O'TOOLE,Cathy,5,Y,N,ALP,Australian Labor Party,37558,1454,133,1308,3734,44187,6.19
QLD,165,Herbert,28055,JONES,Ewen,7,N,Y,LNP,Liberal National Party of Queensland,36341,1366,96,1484,4863,44150,-6.19
QLD,166,Hinkler,28042,PITT,Keith,1,Y,Y,LNP,Liberal National Party of Queensland,44105,1220,77,1633,4769,51804,-0.62
QLD,166,Hinkler,28981,LAWSON,Tim,7,N,N,ALP,Australian Labor Party,31796,1034,75,1135,2825,36865,0.62
QLD,167,Kennedy,29335,KATTER,Bob,4,Y,Y,KAP,Katter's Australian Party,44808,2181,107,2094,3380,52570,8.93
QLD,167,Kennedy,28052,PAVETTO,Jonathan,5,N,N,LNP,Liberal National Party of Queensland,27704,1240,61,1302,3133,33440,-8.93
QLD,168,Leichhardt,28202,ENTSCH,Warren,4,Y,Y,LNP,Liberal National Party of Queensland,40553,1115,130,1539,4578,47915,-1.73
QLD,168,Leichhardt,28980,HOWES,Sharryn,5,N,N,ALP,Australian Labor Party,35675,998,139,1293,2788,40893,1.73
QLD,169,Lilley,28060,KINGSTON,David,1,N,N,LNP,Liberal National Party of Queensland,33683,1891,82,1218,6090,42964,-4
QLD,169,Lilley,29218,SWAN,Wayne,4,Y,Y,ALP,Australian Labor Party,42306,2608,161,1468,6647,53190,4
QLD,302,Longman,28990,LAMB,Susan,2,Y,N,ALP,Australian Labor Party,37053,1676,125,1445,4430,44729,7.71
QLD,302,Longman,28050,ROY,Wyatt,5,N,Y,LNP,Liberal National Party of Queensland,34387,1349,74,1620,5909,43339,-7.71
QLD,170,Maranoa,28059,LITTLEPROUD,David,7,Y,N,LNP,Liberal National Party of Queensland,44384,2325,107,1998,10494,59308,65.86
QLD,170,Maranoa,29224,KEEHN,Lynette,8,N,N,ON,Pauline Hanson's One Nation,23842,1436,79,1075,4309,30741,34.14
QLD,171,McPherson,28043,ANDREWS,Karen,1,Y,Y,LNP,Liberal National Party of Queensland,44897,1727,157,1734,6172,54687,-1.36
QLD,171,McPherson,28946,GADD,Sandy,4,N,N,ALP,Australian Labor Party,28199,1284,134,1285,3137,34039,1.36
QLD,172,Moncrieff,28038,CIOBO,Steven,1,Y,Y,LNP,Liberal National Party of Queensland,45302,2155,210,1923,6234,55824,-3.01
QLD,172,Moncrieff,28939,SHEPPARD,Hayden,2,N,N,ALP,Australian Labor Party,24529,1673,152,1132,2650,30136,3.01
QLD,173,Moreton,28977,PERRETT,Graham,3,Y,Y,ALP,Australian Labor Party,35345,2806,186,1750,5805,45892,2.47
QLD,173,Moreton,28040,MONSOUR,Nic,6,N,N,LNP,Liberal National Party of Queensland,29739,1880,95,1440,5902,39056,-2.47
QLD,174,Oxley,28062,ROADLEY,Bibe,4,N,N,LNP,Liberal National Party of Queensland,27688,1496,122,1294,3511,34111,-5.31
QLD,174,Oxley,29025,DICK,Milton,5,Y,N,ALP,Australian Labor Party,40410,2305,298,1564,4673,49250,5.31
QLD,175,Petrie,28044,HOWARTH,Luke,2,Y,Y,LNP,Liberal National Party of Queensland,38195,1608,72,1418,6633,47926,1.12
QLD,175,Petrie,28928,PEDERSEN,Jacqui,3,N,N,ALP,Australian Labor Party,36267,2019,103,1252,5226,44867,-1.12
QLD,176,Rankin,28969,CHALMERS,Jim,1,Y,Y,ALP,Australian Labor Party,43061,2432,220,1487,5162,52362,6.52
QLD,176,Rankin,28056,OSTAPOVITCH,Freya,6,N,N,LNP,Liberal National Party of Queensland,26325,1443,83,1143,4067,33061,-6.52
QLD,177,Ryan,29010,HEGEDUS,Stephen,3,N,N,ALP,Australian Labor Party,30031,2601,101,1678,4359,38770,-0.55
QLD,177,Ryan,28053,PRENTICE,Jane,4,Y,Y,LNP,Liberal National Party of Queensland,42778,2941,112,2300,7863,55994,0.55
QLD,178,Wide Bay,29020,STANTON,Lucy,3,N,N,ALP,Australian Labor Party,31612,1449,64,1466,3034,37625,5.02
QLD,178,Wide Bay,28046,O'BRIEN,Llew,4,Y,N,LNP,Liberal National Party of Queensland,43203,1540,60,1977,5484,52264,-5.02
QLD,316,Wright,28061,BUCHHOLZ,Scott,3,Y,Y,LNP,Liberal National Party of Queensland,39782,2801,110,2262,7696,52651,-2.22
QLD,316,Wright,28959,SMITH,Allistair,4,N,N,ALP,Australian Labor Party,27436,2358,83,1489,4301,35667,2.22
SA,179,Adelaide,29552,COLOVIC,David,5,N,N,LP,Liberal,34506,2829,250,1584,4156,43325,-0.7
SA,179,Adelaide,29073,ELLIS,Kate,6,Y,Y,ALP,Australian Labor Party,42018,3760,404,1803,4234,52219,0.7
SA,180,Barker,29122,STACEY,James,1,N,N,XEN,Nick Xenophon Team,37114,1461,124,1249,2799,42747,45.26
SA,180,Barker,29568,PASIN,Tony,2,Y,Y,LP,Liberal,44834,1436,109,1550,3769,51698,54.74
SA,182,Boothby,29046,WARD,Mark,2,N,N,ALP,Australian Labor Party,36787,2887,274,1132,3228,44308,3.62
SA,182,Boothby,29550,FLINT,Nicolle,7,Y,N,LP,Liberal,42701,2555,183,1082,4459,50980,-3.62
SA,183,Grey,29569,RAMSEY,Rowan,2,Y,Y,LP,Liberal,39588,1756,138,1564,3646,46692,51.95
SA,183,Grey,29134,BROADFOOT,Andrea,6,N,N,XEN,Nick Xenophon Team,37654,1539,140,1129,2722,43184,48.05
SA,185,Hindmarsh,29071,GEORGANAS,Steve,1,Y,N,ALP,Australian Labor Party,40488,3647,282,1018,4151,49586,2.47
SA,185,Hindmarsh,29554,WILLIAMS,Matt,5,N,Y,LP,Liberal,39671,2808,172,1097,4698,48446,-2.47
SA,186,Kingston,29576,RISHWORTH,Amanda,1,Y,Y,ALP,Australian Labor Party,53866,2980,326,1157,4287,62616,7.35
SA,186,Kingston,29566,BINNS,Kelvin,5,N,N,LP,Liberal,25850,1584,78,781,2482,30775,-7.35
SA,187,Makin,29058,ZAPPIA,Tony,1,Y,Y,ALP,Australian Labor Party,47731,3546,305,1075,3459,56116,4.59
SA,187,Makin,29557,REYNOLDS,Graham,6,N,N,LP,Liberal,32219,1984,135,861,2755,37954,-4.59
SA,188,Mayo,29142,SHARKIE,Rebekha,2,Y,N,XEN,Nick Xenophon Team,44027,2442,214,1519,4081,52283,54.97
SA,188,Mayo,29559,BRIGGS,Jamie,5,N,Y,LP,Liberal,35959,1764,132,1489,3489,42833,45.03
SA,189,Port Adelaide,29130,BUTLER,Mark,5,Y,Y,ALP,Australian Labor Party,52740,3924,526,950,4134,62274,64.86
SA,189,Port Adelaide,29166,SLATTERY,Michael,7,N,N,XEN,Nick Xenophon Team,27510,2362,218,690,2955,33735,35.14
SA,190,Sturt,29052,LOADER,Matt,5,N,N,ALP,Australian Labor Party,33758,2753,181,861,3481,41034,4.19
SA,190,Sturt,29562,PYNE,Christopher,6,Y,Y,LP,Liberal,43056,2613,192,964,5173,51998,-4.19
SA,191,Wakefield,29101,CHAMPION,Nick,3,Y,Y,ALP,Australian Labor Party,49928,3260,434,1072,3800,58494,7.57
SA,191,Wakefield,29549,BOURNE,Kathleen,4,N,N,LP,Liberal,31359,1858,185,1018,3019,37439,-7.57
TAS,192,Bass,28451,HART,Ross,3,Y,N,ALP,Australian Labor Party,32599,1016,134,824,2546,37119,10.13
TAS,192,Bass,28429,NIKOLIC,Andrew,5,N,Y,LP,Liberal,24748,773,78,952,2505,29056,-10.13
TAS,193,Braddon,28439,KEAY,Justine,3,Y,N,ALP,Australian Labor Party,30123,650,102,837,2047,33759,4.76
TAS,193,Braddon,28422,WHITELEY,Brett,4,N,Y,LP,Liberal,27022,598,61,969,2263,30913,-4.76
TAS,194,Denison,28443,AUSTIN,Jane,3,N,N,ALP,Australian Labor Party,17968,1055,92,663,1700,21478,-2.27
TAS,194,Denison,20881,WILKIE,Andrew,5,Y,Y,IND,Independent,37824,1714,180,1495,3963,45176,2.27
TAS,195,Franklin,28424,MARKHAM,Amanda-Sue,3,N,N,LP,Liberal,23020,1083,88,886,2266,27343,-5.63
TAS,195,Franklin,28441,COLLINS,Julie,4,Y,Y,ALP,Australian Labor Party,36037,1979,162,1065,3021,42264,5.63
TAS,196,Lyons,28438,HUTCHINSON,Eric,1,N,Y,LP,Liberal,26074,1738,77,1792,2996,32677,-3.53
TAS,196,Lyons,28449,MITCHELL,Brian,6,Y,N,ALP,Australian Labor Party,28873,2155,132,1642,3036,35838,3.53
VIC,197,Aston,28875,TUDGE,Alan,6,Y,Y,LP,Liberal,40256,1806,147,1798,6135,50142,0.39
VIC,197,Aston,28293,KLISARIS,Paul,7,N,N,ALP,Australian Labor Party,29021,1796,135,1199,3293,35444,-0.39
VIC,198,Ballarat,28317,KING,Catherine,3,Y,Y,ALP,Australian Labor Party,46935,1995,466,1740,4866,56002,2.43
VIC,198,Ballarat,29007,WADE,Sarah,8,N,N,LP,Liberal,35517,1240,263,1263,3422,41705,-2.43
VIC,199,Batman,28124,BHATHAL,Alex,4,N,N,GRN,The Greens,34366,2946,133,2725,3954,44124,9.58
VIC,199,Batman,28241,FEENEY,David,8,Y,Y,ALP,Australian Labor Party,36506,2250,174,1949,5098,45977,-9.58
VIC,200,Bendigo,28244,CHESTERS,Lisa,4,Y,Y,ALP,Australian Labor Party,43845,1854,154,1976,4569,52398,2.48
VIC,200,Bendigo,28903,PURCELL,Megan,5,N,N,LP,Liberal,37752,1322,101,1839,4091,45105,-2.48
VIC,201,Bruce,28996,KROGER,Helen,3,N,N,LP,Liberal,28985,1554,138,1742,5699,38118,-2.28
VIC,201,Bruce,28275,HILL,Julian,6,Y,N,ALP,Australian Labor Party,35060,2258,272,1864,5440,44894,2.28
VIC,203,Calwell,29082,HSU,John,1,N,N,LP,Liberal,22555,1597,188,1992,2538,28870,-4.01
VIC,203,Calwell,28311,VAMVAKINOU,Maria,2,Y,Y,ALP,Australian Labor Party,49683,3529,485,2966,4315,60978,4.01
VIC,204,Casey,28292,MELKONIAN,Hovig,3,N,N,ALP,Australian Labor Party,32669,2116,160,1565,4018,40528,1.11
VIC,204,Casey,28985,SMITH,Tony,5,Y,Y,LP,Liberal,40230,1910,146,1928,7489,51703,-1.11
VIC,205,Chisholm,28936,BANKS,Julia,5,Y,N,LP,Liberal,32316,2401,118,2058,7544,44437,2.84
VIC,205,Chisholm,28298,PERRI,Stefanie,6,N,N,ALP,Australian Labor Party,32153,2584,161,1916,5469,42283,-2.84
VIC,207,Corangamite,28257,COKER,Libby,5,N,N,ALP,Australian Labor Party,37094,2305,130,1898,4699,46126,0.81
VIC,207,Corangamite,28920,HENDERSON,Sarah,10,Y,Y,LP,Liberal,41250,1770,107,2263,6901,52291,-0.81
VIC,208,Corio,29003,LANGE,Richard,1,N,N,LP,Liberal,31133,1303,103,1233,4007,37779,-2.24
VIC,208,Corio,28291,MARLES,Richard,3,Y,Y,ALP,Australian Labor Party,48017,2007,195,1327,5110,56656,2.24
VIC,209,Deakin,29068,SUKKAR,Michael,1,Y,Y,LP,Liberal,37755,2234,154,2008,8113,50264,2.5
VIC,209,Deakin,28344,CLARK,Tony,4,N,N,ALP,Australian Labor Party,31013,2323,149,1680,4839,40004,-2.5
VIC,210,Dunkley,28910,CREWTHER,Chris,3,Y,N,LP,Liberal,34343,1714,114,2235,7519,45925,-4.14
VIC,210,Dunkley,28252,MURPHY,Peta,5,N,N,ALP,Australian Labor Party,33953,2079,182,1832,5322,43368,4.14
VIC,211,Flinders,28316,GLEIXNER,Carolyn,4,N,N,ALP,Australian Labor Party,34723,2087,123,2282,3676,42891,4.04
VIC,211,Flinders,28870,HUNT,Greg,5,Y,Y,LP,Liberal,45571,2342,131,3473,7166,58683,-4.04
VIC,212,Gellibrand,28240,WATTS,Tim,2,Y,Y,ALP,Australian Labor Party,51884,2911,425,2908,4932,63060,1.7
VIC,212,Gellibrand,28891,WILLIS,Ben,3,N,N,LP,Liberal,23333,1358,154,1557,2955,29357,-1.7
VIC,213,Gippsland,28238,BHATTI,Shashi,3,N,N,ALP,Australian Labor Party,24675,861,102,1231,1317,28186,-2.59
VIC,213,Gippsland,28404,CHESTER,Darren,7,Y,Y,NP,The Nationals,54500,1088,128,2542,2848,61106,2.59
VIC,214,Goldstein,28949,WILSON,Tim,5,Y,N,LP,Liberal,44029,2352,172,2606,9469,58628,1.65
VIC,214,Goldstein,28239,COOTE,Matthew Ross,6,N,N,ALP,Australian Labor Party,27049,2047,109,1689,4018,34912,-1.65
VIC,309,Gorton,28274,O'CONNOR,Brendan,1,Y,Y,ALP,Australian Labor Party,56324,2806,539,2691,5775,68135,3.33
VIC,309,Gorton,28889,LANG,Daryl,2,N,N,LP,Liberal,24175,1175,188,1338,3094,29970,-3.33
VIC,215,Higgins,28979,O'DWYER,Kelly,3,Y,Y,LP,Liberal,37538,2884,208,3089,8640,52359,57.99
VIC,215,Higgins,28146,BALL,Jason,4,N,N,GRN,The Greens,28359,2735,191,2597,4050,37932,42.01
VIC,216,Holt,28259,BYRNE,Anthony,2,Y,Y,ALP,Australian Labor Party,51260,3435,461,1583,7190,63929,5.08
VIC,216,Holt,28935,MATHIAS,James,5,N,N,LP,Liberal,28100,1758,135,1051,4657,35701,-5.08
VIC,217,Hotham,28908,HUA,George,1,N,N,LP,Liberal,29228,1812,173,1484,4363,37060,-0.21
VIC,217,Hotham,28263,O'NEIL,Clare,3,Y,Y,ALP,Australian Labor Party,40233,2608,266,1687,5310,50104,0.21
VIC,218,Indi,28963,MIRABELLA,Sophie,2,N,N,LP,Liberal,34257,780,81,1835,3763,40716,-4.58
VIC,218,Indi,23288,McGOWAN,Cathy,5,Y,Y,IND,Independent,41201,1203,74,2219,4724,49421,4.58
VIC,219,Isaacs,28269,DREYFUS,Mark,2,Y,Y,ALP,Australian Labor Party,41474,3261,246,1994,4563,51538,1.87
VIC,219,Isaacs,28932,SPENCER,Garry,3,N,N,LP,Liberal,32993,1979,142,1831,3987,40932,-1.87
VIC,220,Jagajaga,28255,MACKLIN,Jenny,1,Y,Y,ALP,Australian Labor Party,40532,2641,155,2162,5046,50536,1.54
VIC,220,Jagajaga,28892,MULHOLLAND,David,3,N,N,LP,Liberal,34073,1723,107,1717,4274,41894,-1.54
VIC,221,Kooyong,28953,FRYDENBERG,Josh,2,Y,Y,LP,Liberal,41349,2721,147,2869,9921,57007,2.28
VIC,221,Kooyong,28288,D'ARCY,Marg,3,N,N,ALP,Australian Labor Party,24703,2066,113,1888,4226,32996,-2.28
VIC,223,La Trobe,28258,CURTIS,Simon,4,N,N,ALP,Australian Labor Party,34647,2727,183,1817,5574,44948,2.55
VIC,223,La Trobe,28893,WOOD,Jason,7,Y,Y,LP,Liberal,35805,2101,146,1881,7716,47649,-2.55
VIC,222,Lalor,28268,RYAN,Joanne,2,Y,Y,ALP,Australian Labor Party,56638,2597,357,2209,5930,67731,1.28
VIC,222,Lalor,29041,MURPHY,Gayle,3,N,N,LP,Liberal,32061,1270,137,1517,4044,39029,-1.28
VIC,224,Mallee,28415,BROAD,Andrew,1,Y,Y,NP,The Nationals,54944,1344,121,2512,3462,62383,-2.34
VIC,224,Mallee,28284,SENIOR,Lydia,3,N,N,ALP,Australian Labor Party,21901,811,64,1092,1215,25083,2.34
VIC,225,Maribyrnong,29015,HATZAKORTZIAN,Ted,1,N,N,LP,Liberal,27217,1743,167,2006,4236,35369,-0.92
VIC,225,Maribyrnong,28262,SHORTEN,Bill,3,Y,Y,ALP,Australian Labor Party,45543,3128,380,3048,6366,58465,0.92
VIC,226,McEwen,28289,MITCHELL,Rob,1,Y,Y,ALP,Australian Labor Party,52747,3418,319,2859,6139,65482,7.7
VIC,226,McEwen,28912,JERMYN,Chris,4,N,N,LP,Liberal,37569,2068,164,2232,5685,47718,-7.7
VIC,227,McMillan,28261,BUCKINGHAM,Chris,7,N,N,ALP,Australian Labor Party,36675,1960,173,1876,3694,44378,5.8
VIC,227,McMillan,28897,BROADBENT,Russell,8,Y,Y,LP,Liberal,46197,1731,151,2464,6000,56543,-5.8
VIC,228,Melbourne,28926,LIU,Le,3,N,N,LP,Liberal,20899,2692,214,2261,3742,29808,31.52
VIC,228,Melbourne,28125,BANDT,Adam,5,Y,Y,GRN,The Greens,48451,5170,467,4499,6184,64771,68.48
VIC,230,Melbourne Ports,28930,GUEST,Owen,2,N,N,LP,Liberal,28106,3147,153,2274,7556,41236,2.18
VIC,230,Melbourne Ports,28267,DANBY,Michael,4,Y,Y,ALP,Australian Labor Party,31472,3338,221,2408,6134,43573,-2.18
VIC,229,Menzies,29161,ANDREWS,Kevin,4,Y,Y,LP,Liberal,40112,2205,126,2026,8373,52842,-3.89
VIC,229,Menzies,28295,RUNDELL,Adam,6,N,N,ALP,Australian Labor Party,27287,1732,103,1254,4039,34415,3.89
VIC,231,Murray,28406,DRUM,Damian,1,Y,N,NP,The Nationals,41434,1452,144,2031,3466,48527,55.13
VIC,231,Murray,28894,MCGAUCHIE,Duncan,4,N,N,LP,Liberal,32995,1120,95,1876,3403,39489,44.87
VIC,232,Scullin,28243,GILES,Andrew,1,Y,Y,ALP,Australian Labor Party,51593,2984,336,2288,7168,64369,2.93
VIC,232,Scullin,28898,STOCKMAN,Melanie,3,N,N,LP,Liberal,24119,1600,118,1687,3785,31309,-2.93
VIC,233,Wannon,28242,BARLING,Michael David,1,N,N,ALP,Australian Labor Party,31010,1299,89,1782,2450,36630,1.11
VIC,233,Wannon,28918,TEHAN,Dan,3,Y,Y,LP,Liberal,43426,1337,76,2923,4863,52625,-1.11
VIC,234,Wills,28100,RATNAM,Samantha,4,N,N,GRN,The Greens,32131,3134,161,3107,3929,42462,10.32
VIC,234,Wills,28253,KHALIL,Peter,10,Y,N,ALP,Australian Labor Party,41269,2387,186,2331,5473,51646,-10.32
WA,235,Brand,29103,KING,Madeleine,2,Y,N,ALP,Australian Labor Party,41614,2677,294,2020,3597,50202,7.72
WA,235,Brand,29138,BUCHANAN,Craig,5,N,N,LP,Liberal,25138,1757,125,1685,2811,31516,-7.72
WA,317,Burt,28756,KEOGH,Matt,1,Y,N,ALP,Australian Labor Party,39809,2834,341,1546,3647,48177,13.2
WA,317,Burt,28781,O'SULLIVAN,Matt,3,N,N,LP,Liberal,29285,1944,191,1479,3282,36181,-13.2
WA,236,Canning,29032,WINMAR,Barry,4,N,N,ALP,Australian Labor Party,29642,2548,163,1465,2689,36507,4.56
WA,236,Canning,29036,HASTIE,Andrew,5,Y,Y,LP,Liberal,38313,2768,157,2232,4517,47987,-4.56
WA,237,Cowan,28745,SIMPKINS,Luke,1,N,Y,LP,Liberal,31923,2963,154,1996,3159,40195,-5.2
WA,237,Cowan,28727,ALY,Anne,7,Y,N,ALP,Australian Labor Party,33410,3104,192,1938,2657,41301,5.2
WA,238,Curtin,28708,CALLANAN,Melissa,3,N,N,ALP,Australian Labor Party,19321,1905,160,1547,2200,25133,-2.48
WA,238,Curtin,28746,BISHOP,Julie,5,Y,Y,LP,Liberal,47396,3307,234,3416,6278,60631,2.48
WA,312,Durack,28513,MARTIN,Carol,2,N,N,ALP,Australian Labor Party,25417,1637,117,1153,1542,29866,3.98
WA,312,Durack,28566,PRICE,Melissa,5,Y,Y,LP,Liberal,38494,2506,131,1675,4017,46823,-3.98
WA,239,Forrest,28560,MARINO,Nola,5,Y,Y,LP,Liberal,44551,2665,153,1872,3740,52981,-1.25
WA,239,Forrest,28556,LOUD,Lorrae,7,N,N,ALP,Australian Labor Party,27248,1599,105,1075,1683,31710,1.25
WA,240,Fremantle,28779,KELLY,Pierrette,4,N,N,LP,Liberal,28678,2561,92,1592,3132,36055,-2.12
WA,240,Fremantle,28752,WILSON,Josh,5,Y,N,ALP,Australian Labor Party,40303,2917,186,1652,3763,48821,2.12
WA,305,Hasluck,28749,WYATT,Ken,1,Y,Y,LP,Liberal,33133,3190,213,1924,3834,42294,-3.97
WA,305,Hasluck,28719,LEADBETTER,Bill,3,N,N,ALP,Australian Labor Party,30797,3532,289,1668,2671,38957,3.97
WA,242,Moore,28720,GOODENOUGH,Ian,1,Y,Y,LP,Liberal,44144,2902,163,2138,4069,53416,-1.42
WA,242,Moore,28712,WALKER,Tony,4,N,N,ALP,Australian Labor Party,28308,2246,126,1209,2240,34129,1.42
WA,243,O'Connor,28941,WILSON,Rick,1,Y,Y,LP,Liberal,47181,3283,139,1854,4086,56543,-0.38
WA,243,O'Connor,28934,FORD,Jon,4,N,N,ALP,Australian Labor Party,25688,1875,101,1046,1681,30391,0.38
WA,244,Pearce,28700,PORTER,Christian,1,Y,Y,LP,Liberal,36695,3848,255,1823,4051,46672,-5.68
WA,244,Pearce,28681,FRENCH,Thomas,2,N,N,ALP,Australian Labor Party,32003,3751,277,1459,2870,40360,5.68
WA,245,Perth,28755,QUINN,Jeremy,1,N,N,LP,Liberal,30793,2672,203,1734,3627,39029,-1.15
WA,245,Perth,28724,HAMMOND,Tim,3,Y,N,ALP,Australian Labor Party,36007,3140,335,1738,3382,44602,1.15
WA,246,Stirling,28758,KEENAN,Michael,3,Y,Y,LP,Liberal,36796,3174,245,1795,4510,46520,-2.85
WA,246,Stirling,28731,PEARSON,Robert,6,N,N,ALP,Australian Labor Party,28957,3018,269,1162,2965,36371,2.85
WA,247,Swan,28739,SOLONEC,Tammy,3,N,N,ALP,Australian Labor Party,29277,3148,248,2312,2792,37777,3.75
WA,247,Swan,28766,IRONS,Steve,4,Y,Y,LP,Liberal,32889,3300,199,3132,4105,43625,-3.75
WA,248,Tangney,28742,BOSWELL,Marion,4,N,N,ALP,Australian Labor Party,25885,2153,154,1557,2787,32536,1.95
WA,248,Tangney,28771,MORTON,Ben,5,Y,N,LP,Liberal,41539,2561,158,2300,4471,51029,-1.95
